"Id","First Name","Last Name","Email","Password"
"0000-0000-0000-0001","Adrian","Robinson","adrian@example.com","password01"
"0000-0000-0000-0002","Alex","Jackson","alex@example.com","password02"
"0000-0000-0000-0003","Amy","Scott","amy@example.com","password03"
"0000-0000-0000-0004","Andrew","Wright","andrew@example.com","password04"
"0000-0000-0000-0005","Anna","Mitchell","anna@example.com","password05"
"0000-0000-0000-0006","Anna","Parker","annaparker@example.com","password06"
"0000-0000-0000-0007","Brandon","Johnson","brandon@example.com","password07"
"0000-0000-0000-0008","Chuck","Taylor","chuck@example.com","password08"
"0000-0000-0000-0009","Elisabeth","Robinson","elisabeth@example.com","password09"
"0000-0000-0000-000A","Eric","Adams","eric@example.com","password10"
"0000-0000-0000-000B","Erica","Clark","erica@example.com","password11"
"0000-0000-0000-000C","Jacob","Smith","jacob@example.com","password12"
"0000-0000-0000-000D","Juan","Rodriguez","juan@example.com","password13"
"0000-0000-0000-000E","Kim","Anderson","kim@example.com","password14"
"0000-0000-0000-000E","Lindsay","Moore","lindsey@example.com","password15"
"0000-0000-0000-0010","Lisa","Moore","lisa@example.com","password16"
"0000-0000-0000-0011","Maria","Lopez","maria@example.com","password17"
"0000-0000-0000-0012","Peter","Nelson","peter@example.com","password18"
"0000-0000-0000-0013","Rachel","Thomas","rachel@example.com","password19"
"0000-0000-0000-0014","Stuart","Schmidt","stuart@example.com","password20"
"0000-0000-0000-0015","Victoria","Lewis","victoria@example.com","password21"
"0000-0000-0000-0016","Vincent","Lee","vincent@example.com","password22"